cliente_key,cliente
1,CLI-0001
2,CLI-0002
3,CLI-0003
4,CLI-0004
5,CLI-0005
6,CLI-0006
7,CLI-0007
8,CLI-0008
9,CLI-0009
10,CLI-0010
11,CLI-0011
12,CLI-0012
13,CLI-0013
14,CLI-0014
15,CLI-0015
16,CLI-0016
17,CLI-0017
18,CLI-0018
19,CLI-0019
20,CLI-0020
21,CLI-0021
22,CLI-0022
23,CLI-0023
24,CLI-0024
25,CLI-0025
26,CLI-0026
27,CLI-0027
28,CLI-0028
29,CLI-0029
30,CLI-0030
31,CLI-0031
32,CLI-0032
33,CLI-0033
34,CLI-0034
35,CLI-0035
36,CLI-0036
37,CLI-0037
38,CLI-0038
39,CLI-0039
40,CLI-0040
41,CLI-0041
42,CLI-0042
43,CLI-0043
44,CLI-0044
45,CLI-0045
46,CLI-0046
47,CLI-0047
48,CLI-0048
49,CLI-0049
50,CLI-0050
51,CLI-0051
52,CLI-0052
53,CLI-0053
54,CLI-0054
55,CLI-0055
56,CLI-0056
57,CLI-0057
58,CLI-0058
59,CLI-0059
60,CLI-0060
61,CLI-0061
62,CLI-0062
63,CLI-0063
64,CLI-0064
65,CLI-0065
66,CLI-0066
67,CLI-0067
68,CLI-0068
69,CLI-0069
70,CLI-0070
71,CLI-0071
72,CLI-0072
73,CLI-0073
74,CLI-0074
75,CLI-0075
76,CLI-0076
77,CLI-0077
78,CLI-0078
79,CLI-0079
80,CLI-0080
81,CLI-0081
82,CLI-0082
83,CLI-0083
84,CLI-0084
85,CLI-0085
86,CLI-0086
87,CLI-0087
88,CLI-0088
89,CLI-0089
90,CLI-0090
91,CLI-0091
92,CLI-0092
93,CLI-0093
94,CLI-0094
95,CLI-0095
96,CLI-0096
97,CLI-0097
98,CLI-0098
99,CLI-0099
100,CLI-0100
101,CLI-0101
102,CLI-0102
103,CLI-0103
104,CLI-0104
105,CLI-0105
106,CLI-0106
107,CLI-0107
108,CLI-0108
109,CLI-0109
110,CLI-0110
111,CLI-0111
112,CLI-0112
113,CLI-0113
114,CLI-0114
115,CLI-0115
116,CLI-0116
117,CLI-0117
118,CLI-0118
119,CLI-0119
120,CLI-0120
121,CLI-0121
122,CLI-0122
123,CLI-0123
124,CLI-0124
125,CLI-0125
126,CLI-0126
127,CLI-0127
128,CLI-0128
129,CLI-0129
130,CLI-0130
131,CLI-0131
132,CLI-0132
133,CLI-0133
134,CLI-0134
135,CLI-0135
136,CLI-0136
137,CLI-0137
138,CLI-0138
139,CLI-0139
140,CLI-0140
141,CLI-0141
142,CLI-0142
143,CLI-0143
144,CLI-0144
145,CLI-0145
146,CLI-0146
147,CLI-0147
148,CLI-0148
149,CLI-0149
150,CLI-0150
151,CLI-0151
152,CLI-0152
153,CLI-0153
154,CLI-0154
155,CLI-0155
156,CLI-0156
157,CLI-0157
158,CLI-0158
159,CLI-0159
160,CLI-0160
161,CLI-0161
162,CLI-0162
163,CLI-0163
164,CLI-0164
165,CLI-0165
166,CLI-0166
167,CLI-0167
168,CLI-0168
169,CLI-0169
170,CLI-0170
171,CLI-0171
172,CLI-0172
173,CLI-0173
174,CLI-0174
175,CLI-0175
176,CLI-0176
177,CLI-0177
178,CLI-0178
179,CLI-0179
180,CLI-0180
181,CLI-0181
182,CLI-0182
183,CLI-0183
184,CLI-0184
185,CLI-0185
186,CLI-0186
187,CLI-0187
188,CLI-0188
189,CLI-0189
190,CLI-0190
191,CLI-0191
192,CLI-0192
193,CLI-0193
194,CLI-0194
195,CLI-0195
196,CLI-0196
197,CLI-0197
198,CLI-0198
199,CLI-0199
200,CLI-0200
